{
  "mean": [
    10.972750663757324,
    12.438937187194824,
    0.07472392916679382,
    62.23017120361328,
    0.0,
    0.7218725085258484,
    0.17734381556510925,
    0.0,
    0.0,
    0.0,
    0.0,
    0.0,
    6.301084041595459,
    0.0,
    0.0,
    0.0,
    0.0,
    311.46148681640625,
    300.62274169921875,
    48.8055534362793,
    30.753332138061523
  ],
  "std": [
    9.500076293945312,
    6.221691131591797,
    0.3734101355075836,
    42.30759048461914,
    1.0,
    1.246402621269226,
    0.29070034623146057,
    1.0,
    1.0,
    1.0,
    1.0,
    1.0,
    3.3522582054138184,
    1.0,
    1.0,
    1.0,
    1.0,
    567.9676513671875,
    327.86480712890625,
    1.6849186420440674,
    4.335012435913086
  ]
}