{
  "val": {
    "k1": {
      "pr_auc": 0.4987485302987563,
      "brier": 0.169583788771392,
      "log_loss": 0.4945999349328563
    },
    "k2": {
      "pr_auc": 0.41201413545883925,
      "brier": 0.19159218045671547,
      "log_loss": 0.5475013052487813
    },
    "k3": {
      "pr_auc": 0.4074291392129286,
      "brier": 0.19442444656963734,
      "log_loss": 0.5547395792776002
    },
    "k4": {
      "pr_auc": 0.40460975929259785,
      "brier": 0.19514664435880583,
      "log_loss": 0.5566337421497676
    },
    "k5": {
      "pr_auc": 0.4016082244821207,
      "brier": 0.1940006320618189,
      "log_loss": 0.5541339322572791
    },
    "k6": {
      "pr_auc": 0.3985890236554576,
      "brier": 0.200709837541525,
      "log_loss": 0.5714859821113975
    },
    "mean_pr_auc": 0.4204998020667834
  },
  "test": {
    "k1": {
      "pr_auc": 0.49272433817572625,
      "brier": 0.1841154870650157,
      "log_loss": 0.5317017482424531
    },
    "k2": {
      "pr_auc": 0.42603766210309635,
      "brier": 0.2031301647193263,
      "log_loss": 0.5760301139277986
    },
    "k3": {
      "pr_auc": 0.4279846216663052,
      "brier": 0.20541914540120637,
      "log_loss": 0.5814755517101992
    },
    "k4": {
      "pr_auc": 0.43101410359783165,
      "brier": 0.20678520253782434,
      "log_loss": 0.5844787574598498
    },
    "k5": {
      "pr_auc": 0.43506185527665686,
      "brier": 0.20552430882179035,
      "log_loss": 0.5816049124492754
    },
    "k6": {
      "pr_auc": 0.4348443220681634,
      "brier": 0.2097842216310834,
      "log_loss": 0.5930260950228534
    },
    "mean_pr_auc": 0.44127781714796327
  }
}