{
  "k1": {
    "threshold": 0.6,
    "precision": 0.4355975045713671,
    "recall": 0.7277832689370114,
    "fbeta": 0.5449988224607205
  },
  "k2": {
    "threshold": 0.59,
    "precision": 0.38132475821579087,
    "recall": 0.7030948210034587,
    "fbeta": 0.49447182208744
  },
  "k3": {
    "threshold": 0.59,
    "precision": 0.37688381137578997,
    "recall": 0.6962906412789653,
    "fbeta": 0.4890550088316931
  },
  "k4": {
    "threshold": 0.55,
    "precision": 0.3626417346329819,
    "recall": 0.7365656565656565,
    "fbeta": 0.4860037323380431
  },
  "k5": {
    "threshold": 0.55,
    "precision": 0.3634934889986529,
    "recall": 0.7268237934904601,
    "fbeta": 0.4846217166803861
  },
  "k6": {
    "threshold": 0.5800000000000001,
    "precision": 0.3673450357833881,
    "recall": 0.707398096606213,
    "fbeta": 0.48357448636705386
  }
}